Country,GERD in 000 current PPP$,Year
Albania,,2011
Algeria,,2011
American Samoa,,2011
Angola,,2011
Argentina,4655460,2011
Armenia,"54549,2",2011
Australia,20978100,2011
Austria,9955010,2011
Azerbaijan,304694,2011
Bahrain,,2011
Bangladesh,,2011
Belarus,1101930,2011
Belgium,9821960,2011
Benin,,2011
Bermuda,"10575,7",2011
Bolivia (Plurinational State of),,2011
Bosnia and Herzegovina,,2011
Botswana,,2011
Brazil,33904400,2011
Brunei Darussalam,,2011
Bulgaria,612723,2011
Burkina Faso,,2011
Burundi,"8460,33",2011
Cambodia,,2011
Cameroon,,2011
Canada,25570500,2011
Cabo Verde,"2211,43",2011
Central African Republic,,2011
Chad,,2011
Chile,1232070,2011
China,247808000,2011
"China, Hong Kong Special Administrative Region",2553210,2011
"China, Macao Special Administrative Region","28504,6",2011
Colombia,1082880,2011
Congo,,2011
Costa Rica,288335,2011
C“te d'Ivoire,,2011
Croatia,666803,2011
Cuba,582720,2011
Cyprus,128657,2011
Czechia,4702280,2011
Democratic Republic of the Congo,,2011
Denmark,7283660,2011
Ecuador,512117,2011
Egypt,4485390,2011
El Salvador,14313,2011
Estonia,751460,2011
Eswatini,,2011
Ethiopia,,2011
Faeroe Islands,,2011
Finland,7976780,2011
France,53617300,2011
Gabon,,2011
Gambia,"3543,77",2011
Georgia,,2011
Germany,95810000,2011
Ghana,,2011
Greece,1950680,2011
Greenland,,2011
Guam,,2011
Guatemala,"49254,4",2011
Guinea,,2011
Honduras,,2011
Hungary,2708070,2011
Iceland,313905,2011
India,48063000,2011
Indonesia,,2011
Iran (Islamic Republic of),,2011
Iraq,146269,2011
Ireland,3206080,2011
Israel,9523030,2011
Italy,26111700,2011
Jamaica,,2011
Japan,148389000,2011
Jordan,,2011
Kazakhstan,540741,2011
Kenya,,2011
Kuwait,244665,2011
Kyrgyzstan,"25179,2",2011
Lao People's Democratic Republic,,2011
Latvia,283715,2011
Lesotho,"599,296",2011
Libya,,2011
Lithuania,625546,2011
Luxembourg,697603,2011
Madagascar,"31483,9",2011
Malawi,,2011
Malaysia,6456650,2011
Mali,,2011
Malta,"80210,6",2011
Mauritania,,2011
Mauritius,,2011
Mexico,9775280,2011
Monaco,,2011
Mongolia,"56543,8",2011
Montenegro,"28254,6",2011
Morocco,,2011
Mozambique,,2011
Myanmar,,2011
Namibia,,2011
Nauru,,2011
Nepal,,2011
Netherlands,14634400,2011
New Zealand,1766590,2011
Nicaragua,20507,2011
Niger,,2011
Nigeria,,2011
Norway,5002940,2011
Oman,186068,2011
Pakistan,2471090,2011
Palestine,,2011
Panama,109671,2011
Papua New Guinea,,2011
Paraguay,"26783,5",2011
Peru,257555,2011
Philippines,637624,2011
Poland,6487480,2011
Portugal,4118950,2011
Puerto Rico,,2011
Qatar,,2011
Republic of Korea,58379700,2011
Republic of Moldova,"60253,5",2011
Romania,1797910,2011
Russian Federation,35192100,2011
Rwanda,,2011
Saint Helena,,2011
Saint Lucia,,2011
Saint Vincent and the Grenadines,,2011
Saudi Arabia,12302600,2011
Senegal,,2011
Serbia,679553,2011
Seychelles,,2011
Singapore,8355170,2011
Slovakia,925025,2011
Slovenia,1433100,2011
South Africa,4652170,2011
Spain,19862400,2011
Sri Lanka,,2011
Sudan,,2011
Sudan (pre-secession),,2011
Sweden,13433800,2011
Switzerland,,2011
Tajikistan,21000,2011
Thailand,3303860,2011
The former Yugoslav Republic of Macedonia,"53603,9",2011
Togo,,2011
Trinidad and Tobago,"16658,9",2011
Tunisia,771791,2011
Turkey,11544600,2011
Uganda,,2011
Ukraine,2792810,2011
United Arab Emirates,2461030,2011
United Kingdom of Great Britain and Northern Ireland,38778600,2011
United Republic of Tanzania,,2011
United States of America,429792000,2011
United States Virgin Islands,,2011
Uruguay,211377,2011
Uzbekistan,255724,2011
Venezuela (Bolivarian Republic of),765278,2011
Viet Nam,789059,2011
Zambia,,2011
Zimbabwe,,2011
Sustainable Development Goal Regions,,2011
  World,1546990000,2011
  Landlocked Developing Countries,3299370,2011
  Least Developed Countries,4391260,2011
  Small Island Developing States,9944520,2011
  Africa (Sub-Saharan),11306600,2011
  Western Asia and Northern Africa,47148200,2011
  Africa (Northern),7930220,2011
  Asia (Western),39218000,2011
  Asia (Central and Southern),62190900,2011
  Asia (Central),942063,2011
  Asia (Southern),61248800,2011
  Asia (Eastern and South-eastern),506407000,2011
  Asia (Eastern),457215000,2011
  Asia (South-eastern),49191700,2011
  Latin America and the Caribbean,54453100,2011
  Oceania,22763200,2011
  Oceania (Australia/New Zealand),22722200,2011
  Northern America and Europe,842717000,2011
  Europe,387344000,2011
  Northern America,455373000,2011
UIS Regions,,2011
  Arab States,25633600,2011
  Central and Eastern Europe,72589900,2011
  Central Asia,1388150,2011
  East Asia and the Pacific,529114000,2011
  Latin America and the Caribbean,54463600,2011
  North America and Western Europe,791311000,2011
  South and West Asia,61248800,2011
  Sub-Saharan Africa,11236800,2011
  Small Island Developing States,9386620,2011
World Bank Income Groups,,2011
  Low income countries,2522040,2011
  Lower middle income countries,70257700,2011
  Middle income countries,448860000,2011
  Upper middle income countries,378602000,2011
  High income countries,1095600000,2011
Global Education Monitoring Report Regions,,2011
  Countries in transition,41382700,2011
  Developed countries,983300000,2011
  Developing countries,522303000,2011
  Conflict-affected countries,115103000,2011
  Caucasus and Central Asia,1331610,2011
  Eastern and South-eastern Asia,506407000,2011
  Europe and North America,842833000,2011
  Northern Africa and Western Asia,46631500,2011
  Pacific,22763200,2011
  Southern Asia,61248800,2011
  Sub-Saharan Africa,11306600,2011
Argentina,,2011
Armenia,,2011
Australia,,2011
Austria,,2011
Azerbaijan,,2011
Belarus,,2011
Belgium,,2011
Bermuda,,2011
Brazil,,2011
Bulgaria,,2011
Burundi,,2011
Canada,,2011
Cabo Verde,,2011
Chile,,2011
China,,2011
"China, Hong Kong Special Administrative Region",,2011
"China, Macao Special Administrative Region",,2011
Colombia,,2011
Costa Rica,,2011
Croatia,,2011
Cuba,,2011
Cyprus,,2011
Czechia,,2011
Denmark,,2011
Ecuador,,2011
Egypt,,2011
El Salvador,,2011
Estonia,,2011
Finland,,2011
France,,2011
Gambia,,2011
Germany,,2011
Greece,,2011
Guatemala,,2011
Hungary,,2011
Iceland,,2011
India,,2011
Iraq,,2011
Ireland,,2011
Israel,,2011
Italy,,2011
Japan,,2011
Kazakhstan,,2011
Kuwait,,2011
Kyrgyzstan,,2011
Latvia,,2011
Lesotho,,2011
Lithuania,,2011
Luxembourg,,2011
Madagascar,,2011
Malaysia,,2011
Malta,,2011
Mexico,,2011
Mongolia,,2011
Montenegro,,2011
Netherlands,,2011
New Zealand,,2011
Nicaragua,,2011
Norway,,2011
Oman,,2011
Pakistan,,2011
Panama,,2011
Paraguay,,2011
Peru,,2011
Philippines,,2011
Poland,,2011
Portugal,,2011
Republic of Korea,,2011
Republic of Moldova,,2011
Romania,,2011
Russian Federation,,2011
Saudi Arabia,,2011
Serbia,,2011
Singapore,,2011
Slovakia,,2011
Slovenia,,2011
South Africa,,2011
Spain,,2011
Sweden,,2011
Tajikistan,,2011
Thailand,,2011
The former Yugoslav Republic of Macedonia,,2011
Trinidad and Tobago,,2011
Tunisia,,2011
Turkey,,2011
Ukraine,,2011
United Arab Emirates,,2011
United Kingdom of Great Britain and Northern Ireland,,2011
United States of America,,2011
Uruguay,,2011
Uzbekistan,,2011
Venezuela (Bolivarian Republic of),,2011
Viet Nam,,2011
  World,,2011
  Landlocked Developing Countries,,2011
  Least Developed Countries,,2011
  Small Island Developing States,,2011
  Africa (Sub-Saharan),,2011
  Western Asia and Northern Africa,,2011
  Africa (Northern),,2011
  Asia (Western),,2011
  Asia (Central and Southern),,2011
  Asia (Central),,2011
  Asia (Southern),,2011
  Asia (Eastern and South-eastern),,2011
  Asia (Eastern),,2011
  Asia (South-eastern),,2011
  Latin America and the Caribbean,,2011
  Oceania,,2011
  Oceania (Australia/New Zealand),,2011
  Northern America and Europe,,2011
  Europe,,2011
  Northern America,,2011
  Arab States,,2011
  Central and Eastern Europe,,2011
  Central Asia,,2011
  East Asia and the Pacific,,2011
  North America and Western Europe,,2011
  South and West Asia,,2011
  Sub-Saharan Africa,,2011
  Low income countries,,2011
  Lower middle income countries,,2011
  Middle income countries,,2011
  Upper middle income countries,,2011
  High income countries,,2011
  Countries in transition,,2011
  Developed countries,,2011
  Developing countries,,2011
  Conflict-affected countries,,2011
  Caucasus and Central Asia,,2011
  Eastern and South-eastern Asia,,2011
  Europe and North America,,2011
  Northern Africa and Western Asia,,2011
  Pacific,,2011
  Southern Asia,,2011
Albania,,2012
Algeria,,2012
American Samoa,,2012
Angola,,2012
Argentina,5265710,2012
Armenia,"52585,1",2012
Australia,,2012
Austria,11415100,2012
Azerbaijan,322292,2012
Bahrain,,2012
Bangladesh,,2012
Belarus,1088470,2012
Belgium,10715000,2012
Benin,,2012
Bermuda,"9255,3",2012
Bolivia (Plurinational State of),,2012
Bosnia and Herzegovina,"98559,3",2012
Botswana,"77019,5",2012
Brazil,34796400,2012
Brunei Darussalam,,2012
Bulgaria,716171,2012
Burkina Faso,,2012
Burundi,,2012
Cambodia,,2012
Cameroon,,2012
Canada,26019500,2012
Cabo Verde,,2012
Central African Republic,,2012
Chad,,2012
Chile,1355520,2012
China,292196000,2012
"China, Hong Kong Special Administrative Region",2668190,2012
"China, Macao Special Administrative Region","34302,1",2012
Colombia,1235700,2012
Congo,,2012
Costa Rica,365773,2012
C“te d'Ivoire,,2012
Croatia,677417,2012
Cuba,,2012
Cyprus,120707,2012
Czechia,5441570,2012
Democratic Republic of the Congo,,2012
Denmark,7468760,2012
Ecuador,538746,2012
Egypt,4471080,2012
El Salvador,"14560,5",2012
Estonia,730612,2012
Eswatini,,2012
Ethiopia,,2012
Faeroe Islands,,2012
Finland,7520010,2012
France,55097700,2012
Gabon,,2012
Gambia,,2012
Georgia,,2012
Germany,100490000,2012
Ghana,,2012
Greece,1953660,2012
Greenland,,2012
Guam,,2012
Guatemala,"47977,9",2012
Guinea,,2012
Honduras,,2012
Hungary,2895020,2012
Iceland,,2012
India,,2012
Indonesia,,2012
Iran (Islamic Republic of),4097790,2012
Iraq,,2012
Ireland,3350960,2012
Israel,10437400,2012
Italy,27419600,2012
Jamaica,,2012
Japan,152326000,2012
Jordan,,2012
Kazakhstan,621341,2012
Kenya,,2012
Kuwait,260912,2012
Kyrgyzstan,27221,2012
Lao People's Democratic Republic,,2012
Latvia,287185,2012
Lesotho,,2012
Libya,,2012
Lithuania,659145,2012
Luxembourg,619110,2012
Madagascar,,2012
Malawi,,2012
Malaysia,7333310,2012
Mali,,2012
Malta,102175,2012
Mauritania,,2012
Mauritius,"38856,5",2012
Mexico,9798990,2012
Monaco,,2012
Mongolia,"67089,7",2012
Montenegro,,2012
Morocco,,2012
Mozambique,,2012
Myanmar,,2012
Namibia,,2012
Nauru,,2012
Nepal,,2012
Netherlands,15177700,2012
New Zealand,,2012
Nicaragua,"27852,1",2012
Niger,,2012
Nigeria,,2012
Norway,5316260,2012
Oman,316360,2012
Pakistan,,2012
Palestine,,2012
Panama,"53266,6",2012
Papua New Guinea,,2012
Paraguay,"41882,4",2012
Peru,185886,2012
Philippines,,2012
Poland,7990840,2012
Portugal,3832410,2012
Puerto Rico,,2012
Qatar,1288400,2012
Republic of Korea,64862500,2012
Republic of Moldova,"62791,1",2012
Romania,1837260,2012
Russian Federation,37911500,2012
Rwanda,,2012
Saint Helena,,2012
Saint Lucia,,2012
Saint Vincent and the Grenadines,,2012
Saudi Arabia,12898300,2012
Senegal,,2012
Serbia,855808,2012
Seychelles,,2012
Singapore,8246620,2012
Slovakia,1159910,2012
Slovenia,1529860,2012
South Africa,4836900,2012
Spain,19269200,2012
Sri Lanka,,2012
Sudan,,2012
Sudan (pre-secession),,2012
Sweden,13970400,2012
Switzerland,14744900,2012
Tajikistan,"21636,1",2012
Thailand,,2012
The former Yugoslav Republic of Macedonia,"80248,2",2012
Togo,"19674,9",2012
Trinidad and Tobago,"18745,7",2012
Tunisia,786777,2012
Turkey,12807900,2012
Uganda,,2012
Ukraine,2904650,2012
United Arab Emirates,,2012
United Kingdom of Great Britain and Northern Ireland,38490200,2012
United Republic of Tanzania,,2012
United States of America,434348000,2012
United States Virgin Islands,,2012
Uruguay,209402,2012
Uzbekistan,292063,2012
Venezuela (Bolivarian Republic of),1346050,2012
Viet Nam,,2012
Zambia,,2012
Zimbabwe,,2012
Sustainable Development Goal Regions,,2012
  World,1639930000,2012
  Landlocked Developing Countries,3656770,2012
  Least Developed Countries,4788070,2012
  Small Island Developing States,10218400,2012
  Africa (Sub-Saharan),12030400,2012
  Western Asia and Northern Africa,51323500,2012
  Africa (Northern),8442860,2012
  Asia (Western),42880600,2012
  Asia (Central and Southern),62950600,2012
  Asia (Central),1078700,2012
  Asia (Southern),61871900,2012
  Asia (Eastern and South-eastern),565223000,2012
  Asia (Eastern),512154000,2012
  Asia (South-eastern),53068600,2012
  Latin America and the Caribbean,57217700,2012
  Oceania,23264000,2012
  Oceania (Australia/New Zealand),23219800,2012
  Northern America and Europe,867919000,2012
  Europe,404652000,2012
  Northern America,463267000,2012
UIS Regions,,2012
  Arab States,27618000,2012
  Central and Eastern Europe,79811700,2012
  Central Asia,1549920,2012
  East Asia and the Pacific,588420000,2012
  Latin America and the Caribbean,57227000,2012
  North America and Western Europe,811475000,2012
  South and West Asia,61871900,2012
  Sub-Saharan Africa,11955400,2012
  Small Island Developing States,9670850,2012
World Bank Income Groups,,2012
  Low income countries,2794140,2012
  Lower middle income countries,71973300,2012
  Middle income countries,504536000,2012
  Upper middle income countries,432563000,2012
  High income countries,1132600000,2012
Global Education Monitoring Report Regions,,2012
  Countries in transition,44561500,2012
  Developed countries,1010840000,2012
  Developing countries,584530000,2012
  Conflict-affected countries,121253000,2012
  Caucasus and Central Asia,1482830,2012
  Eastern and South-eastern Asia,565223000,2012
  Europe and North America,868028000,2012
  Northern Africa and Western Asia,50801500,2012
  Pacific,23264000,2012
  Southern Asia,61871900,2012
  Sub-Saharan Africa,12030400,2012
Argentina,,2012
Armenia,,2012
Austria,,2012
Azerbaijan,,2012
Belarus,,2012
Belgium,,2012
Bermuda,,2012
Bosnia and Herzegovina,,2012
Botswana,,2012
Brazil,,2012
Bulgaria,,2012
Canada,,2012
Chile,,2012
China,,2012
"China, Hong Kong Special Administrative Region",,2012
"China, Macao Special Administrative Region",,2012
Colombia,,2012
Costa Rica,,2012
Croatia,,2012
Cyprus,,2012
Czechia,,2012
Denmark,,2012
Ecuador,,2012
Egypt,,2012
El Salvador,,2012
Estonia,,2012
Finland,,2012
France,,2012
Germany,,2012
Greece,,2012
Guatemala,,2012
Hungary,,2012
Iran (Islamic Republic of),,2012
Ireland,,2012
Israel,,2012
Italy,,2012
Japan,,2012
Kazakhstan,,2012
Kuwait,,2012
Kyrgyzstan,,2012
Latvia,,2012
Lithuania,,2012
Luxembourg,,2012
Malaysia,,2012
Malta,,2012
Mauritius,,2012
Mexico,,2012
Mongolia,,2012
Netherlands,,2012
Nicaragua,,2012
Norway,,2012
Oman,,2012
Panama,,2012
Paraguay,,2012
Peru,,2012
Poland,,2012
Portugal,,2012
Qatar,,2012
Republic of Korea,,2012
Republic of Moldova,,2012
Romania,,2012
Russian Federation,,2012
Saudi Arabia,,2012
Serbia,,2012
Singapore,,2012
Slovakia,,2012
Slovenia,,2012
South Africa,,2012
Spain,,2012
Sweden,,2012
Switzerland,,2012
Tajikistan,,2012
The former Yugoslav Republic of Macedonia,,2012
Togo,,2012
Trinidad and Tobago,,2012
Tunisia,,2012
Turkey,,2012
Ukraine,,2012
United Kingdom of Great Britain and Northern Ireland,,2012
United States of America,,2012
Uruguay,,2012
Uzbekistan,,2012
Venezuela (Bolivarian Republic of),,2012
  World,,2012
  Landlocked Developing Countries,,2012
  Least Developed Countries,,2012
  Small Island Developing States,,2012
  Africa (Sub-Saharan),,2012
  Western Asia and Northern Africa,,2012
  Africa (Northern),,2012
  Asia (Western),,2012
  Asia (Central and Southern),,2012
  Asia (Central),,2012
  Asia (Southern),,2012
  Asia (Eastern and South-eastern),,2012
  Asia (Eastern),,2012
  Asia (South-eastern),,2012
  Latin America and the Caribbean,,2012
  Oceania,,2012
  Oceania (Australia/New Zealand),,2012
  Northern America and Europe,,2012
  Europe,,2012
  Northern America,,2012
  Arab States,,2012
  Central and Eastern Europe,,2012
  Central Asia,,2012
  East Asia and the Pacific,,2012
  North America and Western Europe,,2012
  South and West Asia,,2012
  Sub-Saharan Africa,,2012
  Low income countries,,2012
  Lower middle income countries,,2012
  Middle income countries,,2012
  Upper middle income countries,,2012
  High income countries,,2012
  Countries in transition,,2012
  Developed countries,,2012
  Developing countries,,2012
  Conflict-affected countries,,2012
  Caucasus and Central Asia,,2012
  Eastern and South-eastern Asia,,2012
  Europe and North America,,2012
  Northern Africa and Western Asia,,2012
  Pacific,,2012
  Southern Asia,,2012
Albania,,2013
Algeria,,2013
American Samoa,,2013
Angola,,2013
Argentina,5337580,2013
Armenia,"51409,4",2013
Australia,23133600,2013
Austria,12007900,2013
Azerbaijan,339070,2013
Bahrain,,2013
Bangladesh,,2013
Belarus,1127550,2013
Belgium,11358600,2013
Benin,,2013
Bermuda,"7761,32",2013
Bolivia (Plurinational State of),,2013
Bosnia and Herzegovina,125517,2013
Botswana,184247,2013
Brazil,38645500,2013
Brunei Darussalam,,2013
Bulgaria,767864,2013
Burkina Faso,,2013
Burundi,,2013
Cambodia,,2013
Cameroon,,2013
Canada,26506500,2013
Cabo Verde,,2013
Central African Republic,,2013
Chad,,2013
Chile,1532610,2013
China,334117000,2013
"China, Hong Kong Special Administrative Region",2806280,2013
"China, Macao Special Administrative Region",41247,2013
Colombia,1644600,2013
Congo,,2013
Costa Rica,379850,2013
C“te d'Ivoire,,2013
Croatia,752543,2013
Cuba,,2013
Cyprus,127376,2013
Czechia,6089300,2013
Democratic Republic of the Congo,,2013
Denmark,7793600,2013
Ecuador,656704,2013
Egypt,5827990,2013
El Salvador,"28491,7",2013
Estonia,624100,2013
Eswatini,,2013
Ethiopia,787274,2013
Faeroe Islands,,2013
Finland,7382830,2013
France,58353300,2013
Gabon,,2013
Gambia,,2013
Georgia,"26987,8",2013
Germany,102905000,2013
Ghana,,2013
Greece,2321720,2013
Greenland,,2013
Guam,,2013
Guatemala,"43576,3",2013
Guinea,,2013
Honduras,,2013
Hungary,3361360,2013
Iceland,243334,2013
India,,2013
Indonesia,2130260,2013
Iran (Islamic Republic of),3317230,2013
Iraq,,2013
Ireland,3512190,2013
Israel,11420300,2013
Italy,28459400,2013
Jamaica,,2013
Japan,164656000,2013
Jordan,,2013
Kazakhstan,693825,2013
Kenya,,2013
Kuwait,831866,2013
Kyrgyzstan,"27546,8",2013
Lao People's Democratic Republic,,2013
Latvia,279659,2013
Lesotho,,2013
Libya,,2013
Lithuania,750486,2013
Luxembourg,676602,2013
Madagascar,,2013
Malawi,,2013
Malaysia,,2013
Mali,,2013
Malta,102356,2013
Mauritania,,2013
Mauritius,,2013
Mexico,10292500,2013
Monaco,,2013
Mongolia,"73989,3",2013
Montenegro,"34607,6",2013
Morocco,,2013
Mozambique,,2013
Myanmar,,2013
Namibia,,2013
Nauru,,2013
Nepal,,2013
Netherlands,15969200,2013
New Zealand,1856870,2013
Nicaragua,"29225,3",2013
Niger,,2013
Nigeria,,2013
Norway,5620360,2013
Oman,272507,2013
Pakistan,2458390,2013
Palestine,,2013
Panama,"47760,7",2013
Papua New Guinea,,2013
Paraguay,,2013
Peru,295472,2013
Philippines,886535,2013
Poland,8185830,2013
Portugal,3869850,2013
Puerto Rico,548271,2013
Qatar,,2013
Republic of Korea,68234100,2013
Republic of Moldova,"59242,8",2013
Romania,1535900,2013
Russian Federation,38607000,2013
Rwanda,,2013
Saint Helena,,2013
Saint Lucia,,2013
Saint Vincent and the Grenadines,,2013
Saudi Arabia,12513600,2013
Senegal,,2013
Serbia,717160,2013
Seychelles,,2013
Singapore,8772150,2013
Slovakia,1243830,2013
Slovenia,1583660,2013
South Africa,4977550,2013
Spain,19282500,2013
Sri Lanka,219884,2013
Sudan,,2013
Sudan (pre-secession),,2013
Sweden,14496400,2013
Switzerland,,2013
Tajikistan,"24309,5",2013
Thailand,4600280,2013
The former Yugoslav Republic of Macedonia,115412,2013
Togo,,2013
Trinidad and Tobago,"26036,2",2013
Tunisia,808787,2013
Turkey,13834800,2013
Uganda,,2013
Ukraine,2990320,2013
United Arab Emirates,,2013
United Kingdom of Great Britain and Northern Ireland,41532100,2013
United Republic of Tanzania,623754,2013
United States of America,454821000,2013
United States Virgin Islands,,2013
Uruguay,218255,2013
Uzbekistan,311830,2013
Venezuela (Bolivarian Republic of),1765430,2013
Viet Nam,1777390,2013
Zambia,,2013
Zimbabwe,,2013
Sustainable Development Goal Regions,,2013
  World,1751480000,2013
  Landlocked Developing Countries,4155430,2013
  Least Developed Countries,5339880,2013
  Small Island Developing States,11006000,2013
  Africa (Sub-Saharan),13003700,2013
  Western Asia and Northern Africa,55622800,2013
  Africa (Northern),9725590,2013
  Asia (Western),45897200,2013
  Asia (Central and Southern),61614700,2013
  Asia (Central),1185000,2013
  Asia (Southern),60429700,2013
  Asia (Eastern and South-eastern),627708000,2013
  Asia (Eastern),569928000,2013
  Asia (South-eastern),57780100,2013
  Latin America and the Caribbean,63165900,2013
  Oceania,25037500,2013
  Oceania (Australia/New Zealand),24990400,2013
  Northern America and Europe,905323000,2013
  Europe,421200000,2013
  Northern America,484123000,2013
UIS Regions,,2013
  Arab States,29889900,2013
  Central and Eastern Europe,82833400,2013
  Central Asia,1676460,2013
  East Asia and the Pacific,652672000,2013
  Latin America and the Caribbean,63173700,2013
  North America and Western Europe,847879000,2013
  South and West Asia,60429700,2013
  Sub-Saharan Africa,12922600,2013
  Small Island Developing States,10457700,2013
World Bank Income Groups,,2013
  Low income countries,3175740,2013
  Lower middle income countries,75322300,2013
  Middle income countries,556989000,2013
  Upper middle income countries,481667000,2013
  High income countries,1191310000,2013
Global Education Monitoring Report Regions,,2013
  Countries in transition,45426500,2013
  Developed countries,1062580000,2013
  Developing countries,643470000,2013
  Conflict-affected countries,126230000,2013
  Caucasus and Central Asia,1602470,2013
  Eastern and South-eastern Asia,627708000,2013
  Europe and North America,905443000,2013
  Northern Africa and Western Asia,55077900,2013
  Pacific,25037500,2013
  Southern Asia,60429700,2013
  Sub-Saharan Africa,13003700,2013
Argentina,,2013
Armenia,,2013
Australia,,2013
Austria,,2013
Azerbaijan,,2013
Belarus,,2013
Belgium,,2013
Bermuda,,2013
Bosnia and Herzegovina,,2013
Botswana,,2013
Brazil,,2013
Bulgaria,,2013
Canada,,2013
Chile,,2013
China,,2013
"China, Hong Kong Special Administrative Region",,2013
"China, Macao Special Administrative Region",,2013
Colombia,,2013
Costa Rica,,2013
Croatia,,2013
Cyprus,,2013
Czechia,,2013
Denmark,,2013
Ecuador,,2013
Egypt,,2013
El Salvador,,2013
Estonia,,2013
Ethiopia,,2013
Finland,,2013
France,,2013
Georgia,,2013
Germany,,2013
Greece,,2013
Guatemala,,2013
Hungary,,2013
Iceland,,2013
Indonesia,,2013
Iran (Islamic Republic of),,2013
Ireland,,2013
Israel,,2013
Italy,,2013
Japan,,2013
Kazakhstan,,2013
Kuwait,,2013
Kyrgyzstan,,2013
Latvia,,2013
Lithuania,,2013
Luxembourg,,2013
Malta,,2013
Mexico,,2013
Mongolia,,2013
Montenegro,,2013
Netherlands,,2013
New Zealand,,2013
Nicaragua,,2013
Norway,,2013
Oman,,2013
Pakistan,,2013
Panama,,2013
Peru,,2013
Philippines,,2013
Poland,,2013
Portugal,,2013
Puerto Rico,,2013
Republic of Korea,,2013
Republic of Moldova,,2013
Romania,,2013
Russian Federation,,2013
Saudi Arabia,,2013
Serbia,,2013
Singapore,,2013
Slovakia,,2013
Slovenia,,2013
South Africa,,2013
Spain,,2013
Sri Lanka,,2013
Sweden,,2013
Tajikistan,,2013
Thailand,,2013
The former Yugoslav Republic of Macedonia,,2013
Trinidad and Tobago,,2013
Tunisia,,2013
Turkey,,2013
Ukraine,,2013
United Kingdom of Great Britain and Northern Ireland,,2013
United Republic of Tanzania,,2013
United States of America,,2013
Uruguay,,2013
Uzbekistan,,2013
Venezuela (Bolivarian Republic of),,2013
Viet Nam,,2013
  World,,2013
  Landlocked Developing Countries,,2013
  Least Developed Countries,,2013
  Small Island Developing States,,2013
  Africa (Sub-Saharan),,2013
  Western Asia and Northern Africa,,2013
  Africa (Northern),,2013
  Asia (Western),,2013
  Asia (Central and Southern),,2013
  Asia (Central),,2013
  Asia (Southern),,2013
  Asia (Eastern and South-eastern),,2013
  Asia (Eastern),,2013
  Asia (South-eastern),,2013
  Latin America and the Caribbean,,2013
  Oceania,,2013
  Oceania (Australia/New Zealand),,2013
  Northern America and Europe,,2013
  Europe,,2013
  Northern America,,2013
  Arab States,,2013
  Central and Eastern Europe,,2013
  Central Asia,,2013
  East Asia and the Pacific,,2013
  North America and Western Europe,,2013
  South and West Asia,,2013
  Sub-Saharan Africa,,2013
  Low income countries,,2013
  Lower middle income countries,,2013
  Middle income countries,,2013
  Upper middle income countries,,2013
  High income countries,,2013
  Countries in transition,,2013
  Developed countries,,2013
  Developing countries,,2013
  Conflict-affected countries,,2013
  Caucasus and Central Asia,,2013
  Eastern and South-eastern Asia,,2013
  Europe and North America,,2013
  Northern Africa and Western Asia,,2013
  Pacific,,2013
  Southern Asia,,2013
Albania,,2014
Algeria,,2014
American Samoa,,2014
Angola,,2014
Argentina,5042630,2014
Armenia,"58935,6",2014
Australia,,2014
Austria,12847100,2014
Azerbaijan,352201,2014
Bahrain,"62427,9",2014
Bangladesh,,2014
Belarus,905267,2014
Belgium,11965500,2014
Benin,,2014
Bermuda,,2014
Bolivia (Plurinational State of),,2014
Bosnia and Herzegovina,103055,2014
Botswana,,2014
Brazil,42124500,2014
Brunei Darussalam,,2014
Bulgaria,999540,2014
Burkina Faso,"65025,7",2014
Burundi,,2014
Cambodia,,2014
Cameroon,,2014
Canada,27631400,2014
Cabo Verde,,2014
Central African Republic,,2014
Chad,,2014
Chile,1522150,2014
China,370590000,2014
"China, Hong Kong Special Administrative Region",2975520,2014
"China, Macao Special Administrative Region","70596,8",2014
Colombia,1929980,2014
Congo,,2014
Costa Rica,411998,2014
C“te d'Ivoire,,2014
Croatia,736715,2014
Cuba,,2014
Cyprus,132424,2014
Czechia,6719030,2014
Democratic Republic of the Congo,,2014
Denmark,7877330,2014
Ecuador,808410,2014
Egypt,6081830,2014
El Salvador,43123,2014
Estonia,544519,2014
Eswatini,,2014
Ethiopia,,2014
Faeroe Islands,,2014
Finland,7185350,2014
France,60781600,2014
Gabon,,2014
Gambia,,2014
Georgia,"63512,6",2014
Germany,109803000,2014
Ghana,,2014
Greece,2408650,2014
Greenland,,2014
Guam,,2014
Guatemala,"34832,3",2014
Guinea,,2014
Honduras,,2014
Hungary,3424420,2014
Iceland,292000,2014
India,,2014
Indonesia,,2014
Iran (Islamic Republic of),,2014
Iraq,202323,2014
Ireland,3638670,2014
Israel,12038000,2014
Italy,29630600,2014
Jamaica,,2014
Japan,170512000,2014
Jordan,,2014
Kazakhstan,718326,2014
Kenya,,2014
Kuwait,1205230,2014
Kyrgyzstan,"24518,3",2014
Lao People's Democratic Republic,,2014
Latvia,328386,2014
Lesotho,,2014
Libya,,2014
Lithuania,850994,2014
Luxembourg,713991,2014
Madagascar,"5285,01",2014
Malawi,,2014
Malaysia,9728280,2014
Mali,,2014
Malta,103863,2014
Mauritania,,2014
Mauritius,,2014
Mexico,11581800,2014
Monaco,,2014
Mongolia,"78087,2",2014
Montenegro,"34801,8",2014
Morocco,,2014
Mozambique,,2014
Myanmar,,2014
Namibia,"81658,4",2014
Nauru,,2014
Nepal,,2014
Netherlands,16541400,2014
New Zealand,,2014
Nicaragua,"27085,3",2014
Niger,,2014
Nigeria,,2014
Norway,5785500,2014
Oman,357397,2014
Pakistan,,2014
Palestine,,2014
Panama,,2014
Papua New Guinea,,2014
Paraguay,60625,2014
Peru,406484,2014
Philippines,,2014
Poland,9187240,2014
Portugal,3864230,2014
Puerto Rico,,2014
Qatar,,2014
Republic of Korea,73195500,2014
Republic of Moldova,"66116,2",2014
Romania,1583730,2014
Russian Federation,39829500,2014
Rwanda,,2014
Saint Helena,,2014
Saint Lucia,,2014
Saint Vincent and the Grenadines,,2014
Saudi Arabia,,2014
Senegal,,2014
Serbia,757752,2014
Seychelles,,2014
Singapore,10104400,2014
Slovakia,1386500,2014
Slovenia,1524020,2014
South Africa,5478050,2014
Spain,19341500,2014
Sri Lanka,232782,2014
Sudan,,2014
Sudan (pre-secession),,2014
Sweden,14154700,2014
Switzerland,,2014
Tajikistan,25726,2014
Thailand,5147350,2014
The former Yugoslav Republic of Macedonia,145023,2014
Togo,"27209,8",2014
Trinidad and Tobago,"38867,2",2014
Tunisia,826473,2014
Turkey,15324200,2014
Uganda,114150,2014
Ukraine,2428390,2014
United Arab Emirates,4249370,2014
United Kingdom of Great Britain and Northern Ireland,44163800,2014
United Republic of Tanzania,,2014
United States of America,476460000,2014
United States Virgin Islands,,2014
Uruguay,239830,2014
Uzbekistan,341835,2014
Venezuela (Bolivarian Republic of),1827910,2014
Viet Nam,,2014
Zambia,,2014
Zimbabwe,,2014
Sustainable Development Goal Regions,,2014
  World,1856830000,2014
  Landlocked Developing Countries,4374460,2014
  Least Developed Countries,5661770,2014
  Small Island Developing States,12294200,2014
  Africa (Sub-Saharan),14040400,2014
  Western Asia and Northern Africa,59711200,2014
  Africa (Northern),9858630,2014
  Asia (Western),49852600,2014
  Asia (Central and Southern),62975000,2014
  Asia (Central),1246920,2014
  Asia (Southern),61728100,2014
  Asia (Eastern and South-eastern),680748000,2014
  Asia (Eastern),617422000,2014
  Asia (South-eastern),63326300,2014
  Latin America and the Caribbean,68258200,2014
  Oceania,24534800,2014
  Oceania (Australia/New Zealand),24483600,2014
  Northern America and Europe,946560000,2014
  Europe,439322000,2014
  Northern America,507238000,2014
UIS Regions,,2014
  Arab States,31613300,2014
  Central and Eastern Europe,86929600,2014
  Central Asia,1799660,2014
  East Asia and the Pacific,705205000,2014
  Latin America and the Caribbean,68265500,2014
  North America and Western Europe,887334000,2014
  South and West Asia,61728100,2014
  Sub-Saharan Africa,13953300,2014
  Small Island Developing States,11743400,2014
World Bank Income Groups,,2014
  Low income countries,3354480,2014
  Lower middle income countries,76975400,2014
  Middle income countries,605706000,2014
  Upper middle income countries,528731000,2014
  High income countries,1247770000,2014
Global Education Monitoring Report Regions,,2014
  Countries in transition,46041900,2014
  Developed countries,1109490000,2014
  Developing countries,701296000,2014
  Conflict-affected countries,130400000,2014
  Caucasus and Central Asia,1721570,2014
  Eastern and South-eastern Asia,680748000,2014
  Europe and North America,946686000,2014
  Northern Africa and Western Asia,59104200,2014
  Pacific,24534800,2014
  Southern Asia,61728100,2014
  Sub-Saharan Africa,14040400,2014
Argentina,,2014
Armenia,,2014
Austria,,2014
Azerbaijan,,2014
Bahrain,,2014
Belarus,,2014
Belgium,,2014
Bosnia and Herzegovina,,2014
Brazil,,2014
Bulgaria,,2014
Burkina Faso,,2014
Canada,,2014
Chile,,2014
China,,2014
"China, Hong Kong Special Administrative Region",,2014
"China, Macao Special Administrative Region",,2014
Colombia,,2014
Costa Rica,,2014
Croatia,,2014
Cyprus,,2014
Czechia,,2014
Denmark,,2014
Ecuador,,2014
Egypt,,2014
El Salvador,,2014
Estonia,,2014
Finland,,2014
France,,2014
Georgia,,2014
Germany,,2014
Greece,,2014
Guatemala,,2014
Hungary,,2014
Iceland,,2014
Iraq,,2014
Ireland,,2014
Israel,,2014
Italy,,2014
Japan,,2014
Kazakhstan,,2014
Kuwait,,2014
Kyrgyzstan,,2014
Latvia,,2014
Lithuania,,2014
Luxembourg,,2014
Madagascar,,2014
Malaysia,,2014
Malta,,2014
Mexico,,2014
Mongolia,,2014
Montenegro,,2014
Namibia,,2014
Netherlands,,2014
Nicaragua,,2014
Norway,,2014
Oman,,2014
Paraguay,,2014
Peru,,2014
Poland,,2014
Portugal,,2014
Republic of Korea,,2014
Republic of Moldova,,2014
Romania,,2014
Russian Federation,,2014
Serbia,,2014
Singapore,,2014
Slovakia,,2014
Slovenia,,2014
South Africa,,2014
Spain,,2014
Sri Lanka,,2014
Sweden,,2014
Tajikistan,,2014
Thailand,,2014
The former Yugoslav Republic of Macedonia,,2014
Togo,,2014
Trinidad and Tobago,,2014
Tunisia,,2014
Turkey,,2014
Uganda,,2014
Ukraine,,2014
United Arab Emirates,,2014
United Kingdom of Great Britain and Northern Ireland,,2014
United States of America,,2014
Uruguay,,2014
Uzbekistan,,2014
Venezuela (Bolivarian Republic of),,2014
  World,,2014
  Landlocked Developing Countries,,2014
  Least Developed Countries,,2014
  Small Island Developing States,,2014
  Africa (Sub-Saharan),,2014
  Western Asia and Northern Africa,,2014
  Africa (Northern),,2014
  Asia (Western),,2014
  Asia (Central and Southern),,2014
  Asia (Central),,2014
  Asia (Southern),,2014
  Asia (Eastern and South-eastern),,2014
  Asia (Eastern),,2014
  Asia (South-eastern),,2014
  Latin America and the Caribbean,,2014
  Oceania,,2014
  Oceania (Australia/New Zealand),,2014
  Northern America and Europe,,2014
  Europe,,2014
  Northern America,,2014
  Arab States,,2014
  Central and Eastern Europe,,2014
  Central Asia,,2014
  East Asia and the Pacific,,2014
  North America and Western Europe,,2014
  South and West Asia,,2014
  Sub-Saharan Africa,,2014
  Low income countries,,2014
  Lower middle income countries,,2014
  Middle income countries,,2014
  Upper middle income countries,,2014
  High income countries,,2014
  Countries in transition,,2014
  Developed countries,,2014
  Developing countries,,2014
  Conflict-affected countries,,2014
  Caucasus and Central Asia,,2014
  Eastern and South-eastern Asia,,2014
  Europe and North America,,2014
  Northern Africa and Western Asia,,2014
  Pacific,,2014
  Southern Asia,,2014
Albania,,2015
Algeria,,2015
American Samoa,,2015
Angola,,2015
Argentina,5567080,2015
Armenia,"63772,3",2015
Australia,21318600,2015
Austria,13178800,2015
Azerbaijan,382215,2015
Bahrain,,2015
Bangladesh,,2015
Belarus,872215,2015
Belgium,12682000,2015
Benin,,2015
Bermuda,,2015
Bolivia (Plurinational State of),,2015
Bosnia and Herzegovina,"90545,3",2015
Botswana,,2015
Brazil,41104100,2015
Brunei Darussalam,,2015
Bulgaria,1257760,2015
Burkina Faso,,2015
Burundi,,2015
Cambodia,"64421,2",2015
Cameroon,,2015
Canada,26250900,2015
Cabo Verde,,2015
Central African Republic,,2015
Chad,,2015
Chile,1603830,2015
China,408258000,2015
"China, Hong Kong Special Administrative Region",3176100,2015
"China, Macao Special Administrative Region","87251,4",2015
Colombia,1921870,2015
Congo,,2015
Costa Rica,,2015
C“te d'Ivoire,,2015
Croatia,808086,2015
Cuba,,2015
Cyprus,129279,2015
Czechia,6927380,2015
Democratic Republic of the Congo,10234,2015
Denmark,8232640,2015
Ecuador,,2015
Egypt,7258510,2015
El Salvador,"68205,3",2015
Estonia,569255,2015
Eswatini,"29493,9",2015
Ethiopia,,2015
Faeroe Islands,,2015
Finland,6712370,2015
France,62313700,2015
Gabon,,2015
Gambia,,2015
Georgia,114472,2015
Germany,114778000,2015
Ghana,,2015
Greece,2765870,2015
Greenland,,2015
Guam,,2015
Guatemala,"37784,8",2015
Guinea,,2015
Honduras,"6209,21",2015
Hungary,3584830,2015
Iceland,345642,2015
India,50118700,2015
Indonesia,,2015
Iran (Islamic Republic of),,2015
Iraq,214552,2015
Ireland,3893410,2015
Israel,13060000,2015
Italy,30466500,2015
Jamaica,,2015
Japan,170003000,2015
Jordan,,2015
Kazakhstan,746354,2015
Kenya,,2015
Kuwait,,2015
Kyrgyzstan,"24493,6",2015
Lao People's Democratic Republic,,2015
Latvia,307990,2015
Lesotho,"3018,33",2015
Libya,,2015
Lithuania,877422,2015
Luxembourg,751086,2015
Madagascar,,2015
Malawi,,2015
Malaysia,10659700,2015
Mali,112531,2015
Malta,119431,2015
Mauritania,,2015
Mauritius,,2015
Mexico,11563400,2015
Monaco,,2015
Mongolia,"56063,5",2015
Montenegro,"37965,2",2015
Morocco,,2015
Mozambique,112790,2015
Myanmar,,2015
Namibia,,2015
Nauru,,2015
Nepal,,2015
Netherlands,16991300,2015
New Zealand,2227870,2015
Nicaragua,"34603,8",2015
Niger,,2015
Nigeria,,2015
Norway,6218430,2015
Oman,443294,2015
Pakistan,2334550,2015
Palestine,,2015
Panama,,2015
Papua New Guinea,,2015
Paraguay,"78576,5",2015
Peru,462434,2015
Philippines,,2015
Poland,10239800,2015
Portugal,3827690,2015
Puerto Rico,,2015
Qatar,1615980,2015
Republic of Korea,74051500,2015
Republic of Moldova,"66234,5",2015
Romania,2138360,2015
Russian Federation,38135500,2015
Rwanda,,2015
Saint Helena,,2015
Saint Lucia,,2015
Saint Vincent and the Grenadines,,2015
Saudi Arabia,,2015
Senegal,275580,2015
Serbia,866483,2015
Seychelles,,2015
Singapore,,2015
Slovakia,1911570,2015
Slovenia,1458860,2015
South Africa,5823290,2015
Spain,19734800,2015
Sri Lanka,,2015
Sudan,,2015
Sudan (pre-secession),,2015
Sweden,15371700,2015
Switzerland,17688300,2015
Tajikistan,"26227,9",2015
Thailand,6911890,2015
The former Yugoslav Republic of Macedonia,129659,2015
Togo,,2015
Trinidad and Tobago,"41641,6",2015
Tunisia,814091,2015
Turkey,16604500,2015
Uganda,,2015
Ukraine,2097840,2015
United Arab Emirates,5770490,2015
United Kingdom of Great Britain and Northern Ireland,45939100,2015
United Republic of Tanzania,,2015
United States of America,496585000,2015
United States Virgin Islands,,2015
Uruguay,264626,2015
Uzbekistan,404574,2015
Venezuela (Bolivarian Republic of),1103990,2015
Viet Nam,2446380,2015
Zambia,,2015
Zimbabwe,,2015
Sustainable Development Goal Regions,,2015
  World,1942200000,2015
  Landlocked Developing Countries,4623190,2015
  Least Developed Countries,5870400,2015
  Small Island Developing States,13490400,2015
  Africa (Sub-Saharan),14803000,2015
  Western Asia and Northern Africa,65494600,2015
  Africa (Northern),11141300,2015
  Asia (Western),54353200,2015
  Asia (Central and Southern),63357600,2015
  Asia (Central),1335050,2015
  Asia (Southern),62022600,2015
  Asia (Eastern and South-eastern),723490000,2015
  Asia (Eastern),654782000,2015
  Asia (South-eastern),68707600,2015
  Latin America and the Caribbean,67481300,2015
  Oceania,23602100,2015
  Oceania (Australia/New Zealand),23546400,2015
  Northern America and Europe,983970000,2015
  Europe,453999000,2015
  Northern America,529971000,2015
UIS Regions,,2015
  Arab States,35267600,2015
  Central and Eastern Europe,89027000,2015
  Central Asia,1950350,2015
  East Asia and the Pacific,747036000,2015
  Latin America and the Caribbean,67488700,2015
  North America and Western Europe,924693000,2015
  South and West Asia,62022600,2015
  Sub-Saharan Africa,14713200,2015
  Small Island Developing States,12937100,2015
World Bank Income Groups,,2015
  Low income countries,3543400,2015
  Lower middle income countries,79178500,2015
  Middle income countries,647351000,2015
  Upper middle income countries,568172000,2015
  High income countries,1291300000,2015
Global Education Monitoring Report Regions,,2015
  Countries in transition,44235700,2015
  Developed countries,1148200000,2015
  Developing countries,749761000,2015
  Conflict-affected countries,133131000,2015
  Caucasus and Central Asia,1894370,2015
  Eastern and South-eastern Asia,723490000,2015
  Europe and North America,984092000,2015
  Northern Africa and Western Asia,64806000,2015
  Pacific,23602100,2015
  Southern Asia,62022600,2015
  Sub-Saharan Africa,14803000,2015
Argentina,,2015
Armenia,,2015
Australia,,2015
Austria,,2015
Azerbaijan,,2015
Belarus,,2015
Belgium,,2015
Bosnia and Herzegovina,,2015
Brazil,,2015
Bulgaria,,2015
Cambodia,,2015
Canada,,2015
Chile,,2015
China,,2015
"China, Hong Kong Special Administrative Region",,2015
"China, Macao Special Administrative Region",,2015
Colombia,,2015
Croatia,,2015
Cyprus,,2015
Czechia,,2015
Democratic Republic of the Congo,,2015
Denmark,,2015
Egypt,,2015
El Salvador,,2015
Estonia,,2015
Eswatini,,2015
Finland,,2015
France,,2015
Georgia,,2015
Germany,,2015
Greece,,2015
Guatemala,,2015
Honduras,,2015
Hungary,,2015
Iceland,,2015
India,,2015
Iraq,,2015
Ireland,,2015
Israel,,2015
Italy,,2015
Japan,,2015
Kazakhstan,,2015
Kyrgyzstan,,2015
Latvia,,2015
Lesotho,,2015
Lithuania,,2015
Luxembourg,,2015
Malaysia,,2015
Mali,,2015
Malta,,2015
Mexico,,2015
Mongolia,,2015
Montenegro,,2015
Mozambique,,2015
Netherlands,,2015
New Zealand,,2015
Nicaragua,,2015
Norway,,2015
Oman,,2015
Pakistan,,2015
Paraguay,,2015
Peru,,2015
Poland,,2015
Portugal,,2015
Qatar,,2015
Republic of Korea,,2015
Republic of Moldova,,2015
Romania,,2015
Russian Federation,,2015
Senegal,,2015
Serbia,,2015
Slovakia,,2015
Slovenia,,2015
South Africa,,2015
Spain,,2015
Sweden,,2015
Switzerland,,2015
Tajikistan,,2015
Thailand,,2015
The former Yugoslav Republic of Macedonia,,2015
Trinidad and Tobago,,2015
Tunisia,,2015
Turkey,,2015
Ukraine,,2015
United Arab Emirates,,2015
United Kingdom of Great Britain and Northern Ireland,,2015
United States of America,,2015
Uruguay,,2015
Uzbekistan,,2015
Venezuela (Bolivarian Republic of),,2015
Viet Nam,,2015
  World,,2015
  Landlocked Developing Countries,,2015
  Least Developed Countries,,2015
  Small Island Developing States,,2015
  Africa (Sub-Saharan),,2015
  Western Asia and Northern Africa,,2015
  Africa (Northern),,2015
  Asia (Western),,2015
  Asia (Central and Southern),,2015
  Asia (Central),,2015
  Asia (Southern),,2015
  Asia (Eastern and South-eastern),,2015
  Asia (Eastern),,2015
  Asia (South-eastern),,2015
  Latin America and the Caribbean,,2015
  Oceania,,2015
  Oceania (Australia/New Zealand),,2015
  Northern America and Europe,,2015
  Europe,,2015
  Northern America,,2015
  Arab States,,2015
  Central and Eastern Europe,,2015
  Central Asia,,2015
  East Asia and the Pacific,,2015
  North America and Western Europe,,2015
  South and West Asia,,2015
  Sub-Saharan Africa,,2015
  Low income countries,,2015
  Lower middle income countries,,2015
  Middle income countries,,2015
  Upper middle income countries,,2015
  High income countries,,2015
  Countries in transition,,2015
  Developed countries,,2015
  Developing countries,,2015
  Conflict-affected countries,,2015
  Caucasus and Central Asia,,2015
  Eastern and South-eastern Asia,,2015
  Europe and North America,,2015
  Northern Africa and Western Asia,,2015
  Pacific,,2015
  Southern Asia,,2015
Albania,,2016
Algeria,,2016
American Samoa,,2016
Angola,,2016
Argentina,,2016
Armenia,"60173,1",2016
Australia,,2016
Austria,13675300,2016
Azerbaijan,348358,2016
Bahrain,,2016
Bangladesh,,2016
Belarus,866768,2016
Belgium,13130900,2016
Benin,,2016
Bermuda,,2016
Bolivia (Plurinational State of),,2016
Bosnia and Herzegovina,"93657,6",2016
Botswana,,2016
Brazil,,2016
Brunei Darussalam,,2016
Bulgaria,1084730,2016
Burkina Faso,,2016
Burundi,,2016
Cambodia,,2016
Cameroon,,2016
Canada,25726000,2016
Cabo Verde,,2016
Central African Republic,,2016
Chad,"91046,1",2016
Chile,1574240,2016
China,451914000,2016
"China, Hong Kong Special Administrative Region",3409960,2016
"China, Macao Special Administrative Region",150954,2016
Colombia,1868000,2016
Congo,,2016
Costa Rica,,2016
C“te d'Ivoire,,2016
Croatia,847436,2016
Cuba,,2016
Cyprus,141224,2016
Czechia,6228690,2016
Democratic Republic of the Congo,,2016
Denmark,8197930,2016
Ecuador,,2016
Egypt,7562290,2016
El Salvador,,2016
Estonia,499629,2016
Eswatini,,2016
Ethiopia,,2016
Faeroe Islands,,2016
Finland,6549460,2016
France,62351300,2016
Gabon,,2016
Gambia,,2016
Georgia,112235,2016
Germany,118791000,2016
Ghana,,2016
Greece,2870610,2016
Greenland,,2016
Guam,,2016
Guatemala,,2016
Guinea,,2016
Honduras,,2016
Hungary,3196720,2016
Iceland,361124,2016
India,,2016
Indonesia,,2016
Iran (Islamic Republic of),,2016
Iraq,234789,2016
Ireland,4010820,2016
Israel,13728500,2016
Italy,29882900,2016
Jamaica,,2016
Japan,165740000,2016
Jordan,284599,2016
Kazakhstan,639217,2016
Kenya,,2016
Kuwait,,2016
Kyrgyzstan,"25023,4",2016
Lao People's Democratic Republic,,2016
Latvia,225164,2016
Lesotho,,2016
Libya,,2016
Lithuania,729813,2016
Luxembourg,750806,2016
Madagascar,"5626,29",2016
Malawi,,2016
Malaysia,,2016
Mali,,2016
Malta,101841,2016
Mauritania,,2016
Mauritius,,2016
Mexico,11410500,2016
Monaco,,2016
Mongolia,"68167,3",2016
Montenegro,,2016
Morocco,,2016
Mozambique,,2016
Myanmar,,2016
Namibia,,2016
Nauru,,2016
Nepal,,2016
Netherlands,17751200,2016
New Zealand,,2016
Nicaragua,,2016
Niger,,2016
Nigeria,,2016
Norway,6315240,2016
Oman,,2016
Pakistan,,2016
Palestine,,2016
Panama,,2016
Papua New Guinea,"10990,2",2016
Paraguay,,2016
Peru,496863,2016
Philippines,,2016
Poland,10229300,2016
Portugal,4013880,2016
Puerto Rico,,2016
Qatar,,2016
Republic of Korea,77656300,2016
Republic of Moldova,"62839,3",2016
Romania,2246980,2016
Russian Federation,37265800,2016
Rwanda,,2016
Saint Helena,,2016
Saint Lucia,,2016
Saint Vincent and the Grenadines,,2016
Saudi Arabia,,2016
Senegal,,2016
Serbia,925509,2016
Seychelles,"5961,26",2016
Singapore,,2016
Slovakia,1316310,2016
Slovenia,1381590,2016
South Africa,,2016
Spain,20075700,2016
Sri Lanka,,2016
Sudan,,2016
Sudan (pre-secession),,2016
Sweden,15958200,2016
Switzerland,,2016
Tajikistan,"27859,6",2016
Thailand,,2016
The former Yugoslav Republic of Macedonia,134305,2016
Togo,,2016
Trinidad and Tobago,,2016
Tunisia,794749,2016
Turkey,,2016
Uganda,,2016
Ukraine,1710700,2016
United Arab Emirates,6634100,2016
United Kingdom of Great Britain and Northern Ireland,47798500,2016
United Republic of Tanzania,,2016
United States of America,511089000,2016
United States Virgin Islands,,2016
Uruguay,,2016
Uzbekistan,459045,2016
Venezuela (Bolivarian Republic of),,2016
Viet Nam,,2016
Zambia,,2016
Zimbabwe,,2016
Sustainable Development Goal Regions,,2016
  World,,2016
  Landlocked Developing Countries,,2016
  Least Developed Countries,,2016
  Small Island Developing States,,2016
  Africa (Sub-Saharan),,2016
  Western Asia and Northern Africa,,2016
  Africa (Northern),,2016
  Asia (Western),,2016
  Asia (Central and Southern),,2016
  Asia (Central),,2016
  Asia (Southern),,2016
  Asia (Eastern and South-eastern),,2016
  Asia (Eastern),,2016
  Asia (South-eastern),,2016
  Latin America and the Caribbean,,2016
  Oceania,,2016
  Oceania (Australia/New Zealand),,2016
  Northern America and Europe,,2016
  Europe,,2016
  Northern America,,2016
UIS Regions,,2016
  Arab States,,2016
  Central and Eastern Europe,,2016
  Central Asia,,2016
  East Asia and the Pacific,,2016
  North America and Western Europe,,2016
  South and West Asia,,2016
  Sub-Saharan Africa,,2016
World Bank Income Groups,,2016
  Low income countries,,2016
  Lower middle income countries,,2016
  Middle income countries,,2016
  Upper middle income countries,,2016
  High income countries,,2016
Global Education Monitoring Report Regions,,2016
  Countries in transition,,2016
  Developed countries,,2016
  Developing countries,,2016
  Conflict-affected countries,,2016
  Caucasus and Central Asia,,2016
  Eastern and South-eastern Asia,,2016
  Europe and North America,,2016
  Northern Africa and Western Asia,,2016
  Pacific,,2016
  Southern Asia,,2016
Armenia,,2016
Austria,,2016
Azerbaijan,,2016
Belarus,,2016
Belgium,,2016
Bosnia and Herzegovina,,2016
Bulgaria,,2016
Canada,,2016
Chad,,2016
Chile,,2016
China,,2016
"China, Hong Kong Special Administrative Region",,2016
"China, Macao Special Administrative Region",,2016
Colombia,,2016
Croatia,,2016
Cyprus,,2016
Czechia,,2016
Denmark,,2016
Egypt,,2016
Estonia,,2016
Finland,,2016
France,,2016
Georgia,,2016
Germany,,2016
Greece,,2016
Hungary,,2016
Iceland,,2016
Iraq,,2016
Ireland,,2016
Israel,,2016
Italy,,2016
Japan,,2016
Jordan,,2016
Kazakhstan,,2016
Kyrgyzstan,,2016
Latvia,,2016
Lithuania,,2016
Luxembourg,,2016
Madagascar,,2016
Malta,,2016
Mexico,,2016
Mongolia,,2016
Netherlands,,2016
Norway,,2016
Papua New Guinea,,2016
Peru,,2016
Poland,,2016
Portugal,,2016
Republic of Korea,,2016
Republic of Moldova,,2016
Romania,,2016
Russian Federation,,2016
Serbia,,2016
Seychelles,,2016
Slovakia,,2016
Slovenia,,2016
Spain,,2016
Sweden,,2016
Tajikistan,,2016
The former Yugoslav Republic of Macedonia,,2016
Tunisia,,2016
Ukraine,,2016
United Arab Emirates,,2016
United Kingdom of Great Britain and Northern Ireland,,2016
United States of America,,2016
Uzbekistan,,2016
Albania,,2017
Algeria,,2017
American Samoa,,2017
Angola,,2017
Argentina,,2017
Armenia,,2017
Australia,,2017
Austria,,2017
Azerbaijan,,2017
Bahrain,,2017
Bangladesh,,2017
Belarus,,2017
Belgium,,2017
Benin,,2017
Bermuda,,2017
Bolivia (Plurinational State of),,2017
Bosnia and Herzegovina,,2017
Botswana,,2017
Brazil,,2017
Brunei Darussalam,,2017
Bulgaria,,2017
Burkina Faso,,2017
Burundi,,2017
Cambodia,,2017
Cameroon,,2017
Canada,,2017
Cabo Verde,,2017
Central African Republic,,2017
Chad,,2017
Chile,,2017
China,,2017
"China, Hong Kong Special Administrative Region",,2017
"China, Macao Special Administrative Region",,2017
Colombia,,2017
Congo,,2017
Costa Rica,,2017
C“te d'Ivoire,,2017
Croatia,,2017
Cuba,,2017
Cyprus,,2017
Czechia,,2017
Democratic Republic of the Congo,,2017
Denmark,,2017
Ecuador,,2017
Egypt,,2017
El Salvador,,2017
Estonia,,2017
Eswatini,,2017
Ethiopia,,2017
Faeroe Islands,,2017
Finland,,2017
France,,2017
Gabon,,2017
Gambia,,2017
Georgia,,2017
Germany,,2017
Ghana,,2017
Greece,,2017
Greenland,,2017
Guam,,2017
Guatemala,,2017
Guinea,,2017
Honduras,,2017
Hungary,,2017
Iceland,,2017
India,,2017
Indonesia,,2017
Iran (Islamic Republic of),,2017
Iraq,,2017
Ireland,,2017
Israel,,2017
Italy,,2017
Jamaica,,2017
Japan,,2017
Jordan,,2017
Kazakhstan,,2017
Kenya,,2017
Kuwait,,2017
Kyrgyzstan,,2017
Lao People's Democratic Republic,,2017
Latvia,,2017
Lesotho,,2017
Libya,,2017
Lithuania,,2017
Luxembourg,,2017
Madagascar,,2017
Malawi,,2017
Malaysia,,2017
Mali,,2017
Malta,,2017
Mauritania,,2017
Mauritius,,2017
Mexico,,2017
Monaco,,2017
Mongolia,,2017
Montenegro,,2017
Morocco,,2017
Mozambique,,2017
Myanmar,,2017
Namibia,,2017
Nauru,,2017
Nepal,,2017
Netherlands,,2017
New Zealand,,2017
Nicaragua,,2017
Niger,,2017
Nigeria,,2017
Norway,,2017
Oman,,2017
Pakistan,,2017
Palestine,,2017
Panama,,2017
Papua New Guinea,,2017
Paraguay,,2017
Peru,,2017
Philippines,,2017
Poland,,2017
Portugal,,2017
Puerto Rico,,2017
Qatar,,2017
Republic of Korea,,2017
Republic of Moldova,,2017
Romania,,2017
Russian Federation,,2017
Rwanda,,2017
Saint Helena,,2017
Saint Lucia,,2017
Saint Vincent and the Grenadines,,2017
Saudi Arabia,,2017
Senegal,,2017
Serbia,,2017
Seychelles,,2017
Singapore,,2017
Slovakia,,2017
Slovenia,,2017
South Africa,,2017
Spain,,2017
Sri Lanka,,2017
Sudan,,2017
Sudan (pre-secession),,2017
Sweden,,2017
Switzerland,,2017
Tajikistan,,2017
Thailand,,2017
The former Yugoslav Republic of Macedonia,,2017
Togo,,2017
Trinidad and Tobago,,2017
Tunisia,,2017
Turkey,,2017
Uganda,,2017
Ukraine,,2017
United Arab Emirates,,2017
United Kingdom of Great Britain and Northern Ireland,,2017
United Republic of Tanzania,,2017
United States of America,,2017
United States Virgin Islands,,2017
Uruguay,,2017
Uzbekistan,,2017
Venezuela (Bolivarian Republic of),,2017
Viet Nam,,2017
Zambia,,2017
Zimbabwe,,2017
Sustainable Development Goal Regions,,2017
  World,,2017
  Landlocked Developing Countries,,2017
  Least Developed Countries,,2017
  Small Island Developing States,,2017
  Africa (Sub-Saharan),,2017
  Western Asia and Northern Africa,,2017
  Africa (Northern),,2017
  Asia (Western),,2017
  Asia (Central and Southern),,2017
  Asia (Central),,2017
  Asia (Southern),,2017
  Asia (Eastern and South-eastern),,2017
  Asia (Eastern),,2017
  Asia (South-eastern),,2017
  Latin America and the Caribbean,,2017
  Oceania,,2017
  Oceania (Australia/New Zealand),,2017
  Northern America and Europe,,2017
  Europe,,2017
  Northern America,,2017
UIS Regions,,2017
  Arab States,,2017
  Central and Eastern Europe,,2017
  Central Asia,,2017
  East Asia and the Pacific,,2017
  North America and Western Europe,,2017
  South and West Asia,,2017
  Sub-Saharan Africa,,2017
World Bank Income Groups,,2017
  Low income countries,,2017
  Lower middle income countries,,2017
  Middle income countries,,2017
  Upper middle income countries,,2017
  High income countries,,2017
Global Education Monitoring Report Regions,,2017
  Countries in transition,,2017
  Developed countries,,2017
  Developing countries,,2017
  Conflict-affected countries,,2017
  Caucasus and Central Asia,,2017
  Eastern and South-eastern Asia,,2017
  Europe and North America,,2017
  Northern Africa and Western Asia,,2017
  Pacific,,2017
  Southern Asia,,2017